-- MySQL dump 10.13  Distrib 5.7.41, for Linux (x86_64)
--
-- Host: localhost    Database: tri_base
-- ------------------------------------------------------
-- Server version       5.7.41

/*!40101 SET @OLD_CHARACTER_SET_CLIENT=@@CHARACTER_SET_CLIENT */;
/*!40101 SET @OLD_CHARACTER_SET_RESULTS=@@CHARACTER_SET_RESULTS */;
/*!40101 SET @OLD_COLLATION_CONNECTION=@@COLLATION_CONNECTION */;
/*!40101 SET NAMES utf8 */;
/*!40103 SET @OLD_TIME_ZONE=@@TIME_ZONE */;
/*!40103 SET TIME_ZONE='+00:00' */;
/*!40014 SET @OLD_UNIQUE_CHECKS=@@UNIQUE_CHECKS, UNIQUE_CHECKS=0 */;
/*!40014 SET @OLD_FOREIGN_KEY_CHECKS=@@FOREIGN_KEY_CHECKS, FOREIGN_KEY_CHECKS=0 */;
/*!40101 SET @OLD_SQL_MODE=@@SQL_MODE, SQL_MODE='NO_AUTO_VALUE_ON_ZERO' */;
/*!40111 SET @OLD_SQL_NOTES=@@SQL_NOTES, SQL_NOTES=0 */;

--
-- Table structure for table `cache_top_score`
--

DROP TABLE IF EXISTS `cache_top_score`;
/*!40101 SET @saved_cs_client     = @@character_set_client */;
/*!40101 SET character_set_client = utf8 */;
CREATE TABLE `cache_top_score` (
  `userId` int(11) unsigned NOT NULL DEFAULT '0',
  `pointId` int(11) unsigned NOT NULL DEFAULT '0',
  `place1Uid` int(11) unsigned NOT NULL DEFAULT '0',
  `place2Uid` int(11) unsigned NOT NULL DEFAULT '0',
  `place3Uid` int(11) unsigned NOT NULL DEFAULT '0',
  `pos` int(11) unsigned NOT NULL DEFAULT '0',
  PRIMARY KEY (`userId`,`pointId`)
) ENGINE=InnoDB DEFAULT CHARSET=utf8;
/*!40101 SET character_set_client = @saved_cs_client */;

--
-- Dumping data for table `cache_top_score`
--

LOCK TABLES `cache_top_score` WRITE;
/*!40000 ALTER TABLE `cache_top_score` DISABLE KEYS */;
/*!40000 ALTER TABLE `cache_top_score` ENABLE KEYS */;
UNLOCK TABLES;

--
-- Table structure for table `payments`
--

DROP TABLE IF EXISTS `payments`;
/*!40101 SET @saved_cs_client     = @@character_set_client */;
/*!40101 SET character_set_client = utf8 */;
CREATE TABLE `payments` (
  `id` int(11) unsigned NOT NULL AUTO_INCREMENT,
  `time` int(11) unsigned NOT NULL DEFAULT '0',
  `userId` int(11) unsigned NOT NULL DEFAULT '0',
  `orderId` int(11) unsigned NOT NULL DEFAULT '0',
  `itemPrice` int(11) unsigned NOT NULL DEFAULT '0',
  PRIMARY KEY (`id`),
  KEY `orderId` (`orderId`)
) ENGINE=InnoDB AUTO_INCREMENT=3 DEFAULT CHARSET=utf8;
/*!40101 SET character_set_client = @saved_cs_client */;

--
-- Dumping data for table `payments`
--

LOCK TABLES `payments` WRITE;
/*!40000 ALTER TABLE `payments` DISABLE KEYS */;
INSERT INTO `payments` VALUES (1,1675853380,2,2093252,1),(2,1675853457,2,2093253,3);
/*!40000 ALTER TABLE `payments` ENABLE KEYS */;
UNLOCK TABLES;

--
-- Table structure for table `statistic`
--

DROP TABLE IF EXISTS `statistic`;
/*!40101 SET @saved_cs_client     = @@character_set_client */;
/*!40101 SET character_set_client = utf8 */;
CREATE TABLE `statistic` (
  `uid` int(11) unsigned NOT NULL,
  `time` int(11) NOT NULL,
  `statId` int(11) NOT NULL,
  `paramA` int(11) DEFAULT NULL,
  `paramB` int(11) DEFAULT NULL
) ENGINE=InnoDB DEFAULT CHARSET=latin1;
/*!40101 SET character_set_client = @saved_cs_client */;

--
-- Dumping data for table `statistic`
--

LOCK TABLES `statistic` WRITE;
/*!40000 ALTER TABLE `statistic` DISABLE KEYS */;
INSERT INTO `statistic` VALUES (2,1666713289,102,0,0),(2,1666713304,100,0,0),(2,1666715910,102,0,0),(2,1666715916,100,0,0),(2,1666720122,102,0,0),(2,1666723773,100,0,0),(2,1666727907,102,0,0),(2,1666727914,100,0,0),(2,1666731625,102,0,0),(2,1666732940,100,0,0),(2,1666736561,102,0,0),(2,1666740162,100,0,0),(2,1666743853,102,0,0),(2,1666747371,100,0,0),(2,1666750985,102,0,0),(2,1666754564,100,0,0),(2,1666758286,102,0,0),(2,1666761765,100,0,0),(2,1666765385,102,0,0),(2,1666768974,100,0,0),(2,1666769746,102,0,0),(2,1666782312,100,0,0),(2,1666792937,102,0,0),(2,1666815127,100,0,0),(2,1666815132,102,0,0),(2,1674839721,100,0,0),(2,1674839729,701,1,0),(2,1674839746,702,1,290),(2,1674839746,800,2,290),(2,1674839970,100,0,0),(2,1674840091,102,0,0),(2,1674840094,100,0,0),(2,1674840155,102,0,0),(2,1674840161,100,0,0),(2,1674840228,102,0,0),(2,1674840237,102,0,0),(24,1675346793,100,0,0),(24,1675346797,701,1,0),(24,1675346812,702,1,150),(24,1675346812,800,2,150),(24,1675346824,701,2,0),(24,1675346845,702,2,200),(24,1675346845,800,3,200),(24,1675346852,102,0,0),(22,1675599834,100,0,0),(22,1675599838,701,4,0),(22,1675599854,702,4,1540),(22,1675599854,800,5,1540),(22,1675599856,102,0,0),(25,1675614205,100,0,0),(25,1675614211,701,1,0),(25,1675614224,702,1,120),(25,1675614224,800,2,120),(25,1675614236,701,2,0),(25,1675614264,702,2,270),(25,1675614264,800,3,270),(25,1675614274,701,3,0),(25,1675614292,702,3,520),(25,1675614292,800,4,520),(25,1675614303,701,4,0),(25,1675614389,701,4,0),(25,1675614389,704,4,0),(25,1675614406,702,4,1440),(25,1675614406,800,5,1440),(25,1675614415,701,5,0),(25,1675614444,702,5,4310),(25,1675614444,800,6,4310),(25,1675614453,701,6,0),(25,1675614525,702,6,2850),(25,1675614525,800,7,2850),(25,1675614533,701,7,0),(25,1675614638,702,7,4570),(25,1675614638,800,8,4570),(25,1675614649,701,8,0),(25,1675614660,102,0,0),(26,1675615091,100,0,0),(26,1675615105,102,0,0),(2,1675663787,100,0,0),(2,1675663808,102,0,0),(2,1675824120,100,0,0),(2,1675824133,102,0,0),(27,1675840189,100,0,0),(27,1675840212,701,1,0),(27,1675840228,702,1,150),(27,1675840228,800,2,150),(27,1675840251,701,2,0),(27,1675840283,702,2,200),(27,1675840283,800,3,200),(27,1675840297,701,3,0),(27,1675840323,702,3,490),(27,1675840323,800,4,490),(27,1675840334,701,4,0),(27,1675840355,702,4,1440),(27,1675840355,800,5,1440),(27,1675840363,701,5,0),(27,1675840449,702,5,4940),(27,1675840449,800,6,4940),(27,1675840459,701,6,0),(27,1675840488,702,6,1990),(27,1675840488,800,7,1990),(27,1675840500,701,7,0),(27,1675840572,702,7,3720),(27,1675840572,800,8,3720),(27,1675840583,701,8,0),(27,1675840628,702,8,4190),(27,1675840628,800,9,4190),(27,1675840638,701,9,0),(27,1675840669,702,9,3980),(27,1675840669,800,10,3980),(27,1675840686,701,10,0),(27,1675840743,702,10,2250),(27,1675840743,800,11,2250),(27,1675840743,900,1,0),(27,1675840787,701,11,0),(27,1675840839,201,0,0),(27,1675840955,702,11,3440),(27,1675840955,800,12,3440),(27,1675840964,701,12,0),(27,1675841003,702,12,610),(27,1675841003,800,13,610),(27,1675841012,701,13,0),(27,1675841113,701,13,0),(27,1675841211,610,10,200),(27,1675841216,702,13,1530),(27,1675841216,800,14,1530),(27,1675841225,701,14,0),(27,1675841321,610,10,200),(27,1675841363,201,0,0),(27,1675841370,702,14,5340),(27,1675841370,800,15,5340),(27,1675841568,701,15,0),(27,1675841704,702,15,3700),(27,1675841704,800,16,3700),(27,1675841714,701,16,0),(27,1675841798,202,0,0),(27,1675841801,702,16,2550),(27,1675841801,800,17,2550),(27,1675841809,701,17,0),(27,1675841874,702,17,3450),(27,1675841874,800,18,3450),(27,1675841874,900,2,0),(27,1675841888,701,18,0),(27,1675841947,702,18,4130),(27,1675841947,800,19,4130),(27,1675841962,701,19,0),(27,1675842055,702,19,10040),(27,1675842055,800,20,10040),(27,1675842063,701,20,0),(27,1675842114,203,0,0),(27,1675842138,702,20,910),(27,1675842138,800,21,910),(27,1675842149,701,21,0),(27,1675842277,702,21,4100),(27,1675842277,800,22,4100),(27,1675842296,701,22,0),(27,1675842363,702,22,2930),(27,1675842363,800,23,2930),(27,1675842372,701,23,0),(27,1675842465,610,10,200),(27,1675842470,702,23,2020),(27,1675842470,800,24,2020),(27,1675842482,701,24,0),(27,1675842551,702,24,800),(27,1675842551,800,25,800),(27,1675842560,701,25,0),(27,1675842684,702,25,4630),(27,1675842684,800,26,4630),(27,1675842684,900,4,0),(27,1675842697,701,26,0),(27,1675842821,702,26,4830),(27,1675842821,800,27,4830),(27,1675842835,701,27,0),(27,1675842870,702,27,1410),(27,1675842870,800,28,1410),(27,1675842880,701,28,0),(27,1675842912,702,28,1350),(27,1675842912,800,29,1350),(27,1675842919,701,29,0),(27,1675842984,702,29,2690),(27,1675842984,800,30,2690),(27,1675842992,701,30,0),(27,1675843007,702,30,320),(27,1675843007,800,31,320),(27,1675843014,701,31,0),(27,1675843207,702,31,6830),(27,1675843207,800,32,6830),(27,1675843218,701,32,0),(27,1675843369,701,32,0),(27,1675843453,201,0,0),(27,1675843456,702,32,2430),(27,1675843456,800,33,2430),(27,1675843507,701,33,0),(27,1675843612,702,33,8330),(27,1675843612,800,34,8330),(27,1675843619,701,34,0),(27,1675843730,701,34,0),(27,1675843832,102,0,0),(27,1675845335,100,0,0),(27,1675845343,701,34,0),(27,1675845438,702,34,2640),(27,1675845438,800,35,2640),(27,1675845453,701,35,0),(27,1675845556,702,35,2290),(27,1675845556,800,36,2290),(27,1675845577,701,36,0),(27,1675845701,701,36,0),(27,1675845792,702,36,2700),(27,1675845792,800,37,2700),(27,1675845792,900,5,0),(27,1675845826,701,37,0),(27,1675845865,202,0,0),(27,1675845872,702,37,1020),(27,1675845872,800,38,1020),(27,1675845896,701,38,0),(27,1675846056,702,38,5320),(27,1675846056,800,39,5320),(27,1675846091,701,39,0),(27,1675846188,702,39,3550),(27,1675846188,800,40,3550),(27,1675846199,701,40,0),(27,1675846374,203,0,0),(27,1675846698,701,40,0),(27,1675846855,610,10,200),(27,1675846859,702,40,4570),(27,1675846859,800,41,4570),(27,1675846870,701,41,0),(27,1675847020,702,41,1640),(27,1675847020,800,42,1640),(27,1675847030,701,42,0),(27,1675847091,202,0,0),(27,1675847099,702,42,1170),(27,1675847099,800,43,1170),(27,1675847110,701,43,0),(27,1675847178,702,43,740),(27,1675847178,800,44,740),(27,1675847218,701,44,0),(27,1675847292,702,44,2140),(27,1675847292,800,45,2140),(27,1675847299,701,45,0),(27,1675847385,702,45,1710),(27,1675847385,800,46,1710),(27,1675847393,701,46,0),(27,1675847410,702,46,210),(27,1675847410,800,47,210),(27,1675847410,900,7,0),(27,1675847422,701,47,0),(27,1675847534,702,47,2030),(27,1675847534,800,48,2030),(27,1675847543,701,48,0),(27,1675847617,702,48,1350),(27,1675847617,800,49,1350),(27,1675847627,701,49,0),(27,1675847739,203,0,0),(27,1675847781,702,49,1760),(27,1675847781,800,50,1760),(27,1675847789,701,50,0),(27,1675847976,201,0,0),(27,1675847978,702,50,4970),(27,1675847978,800,51,4970),(27,1675847987,701,51,0),(27,1675848010,702,51,530),(27,1675848010,800,52,530),(27,1675848035,701,52,0),(27,1675848160,201,0,0),(27,1675848171,201,0,0),(27,1675848186,201,0,0),(27,1675848188,702,52,3230),(27,1675848188,800,53,3230),(27,1675848197,701,53,0),(27,1675848269,702,53,3930),(27,1675848269,800,54,3930),(27,1675848269,900,8,0),(27,1675848286,701,54,0),(27,1675848398,701,54,0),(27,1675848495,702,54,3730),(27,1675848495,800,55,3730),(27,1675848525,102,0,0),(2,1675849622,100,0,0);
/*!40000 ALTER TABLE `statistic` ENABLE KEYS */;
UNLOCK TABLES;

--
-- Table structure for table `user_agents`
--

DROP TABLE IF EXISTS `user_agents`;
/*!40101 SET @saved_cs_client     = @@character_set_client */;
/*!40101 SET character_set_client = utf8 */;
CREATE TABLE `user_agents` (
   `id` int(11) unsigned NOT NULL AUTO_INCREMENT,
   `uid` int(11) NOT NULL,
   `agent` varchar(512) NOT NULL DEFAULT '',
    PRIMARY KEY (`id`)
) ENGINE=InnoDB DEFAULT CHARSET=utf8;
/*!40101 SET character_set_client = @saved_cs_client */;

--
-- Dumping data for table `user_agents`
--

LOCK TABLES `user_agents` WRITE;
/*!40000 ALTER TABLE `user_agents` DISABLE KEYS */;
INSERT INTO `user_agents` (uid, agent) VALUES (2,'Mozilla/5.0 (Windows NT 10.0; Win64; x64) AppleWebKit/537.36 (KHTML, like Gecko) Chrome/106.0.0.0 Safari/537.36'),(2,'Mozilla/5.0 (Linux; Android 12; SM-G998B) AppleWebKit/537.36 (KHTML, like Gecko) Chrome/106.0.0.0 Mobile Safari/537.36'),(2,'Mozilla/5.0 (Linux; Android 12; SM-G998B) AppleWebKit/537.36 (KHTML, like Gecko) Chrome/106.0.0.0 Mobile Safari/537.36'),(2,'Mozilla/5.0 (Linux; Android 12; SM-G998B) AppleWebKit/537.36 (KHTML, like Gecko) Chrome/106.0.0.0 Mobile Safari/537.36'),(2,'Mozilla/5.0 (Windows NT 10.0; Win64; x64) AppleWebKit/537.36 (KHTML, like Gecko) Chrome/106.0.0.0 Safari/537.36'),(2,'Mozilla/5.0 (Windows NT 10.0; Win64; x64) AppleWebKit/537.36 (KHTML, like Gecko) Chrome/106.0.0.0 Safari/537.36'),(2,'Mozilla/5.0 (Windows NT 10.0; Win64; x64) AppleWebKit/537.36 (KHTML, like Gecko) Chrome/106.0.0.0 Safari/537.36'),(2,'Mozilla/5.0 (Windows NT 10.0; Win64; x64) AppleWebKit/537.36 (KHTML, like Gecko) Chrome/106.0.0.0 Safari/537.36'),(2,'Mozilla/5.0 (Windows NT 10.0; Win64; x64) AppleWebKit/537.36 (KHTML, like Gecko) Chrome/106.0.0.0 Safari/537.36'),(2,'Mozilla/5.0 (Windows NT 10.0; Win64; x64) AppleWebKit/537.36 (KHTML, like Gecko) Chrome/106.0.0.0 Safari/537.36'),(2,'Mozilla/5.0 (Windows NT 10.0; Win64; x64) AppleWebKit/537.36 (KHTML, like Gecko) Chrome/106.0.0.0 Safari/537.36'),(2,'Mozilla/5.0 (Windows NT 10.0; Win64; x64) AppleWebKit/537.36 (KHTML, like Gecko) Chrome/106.0.0.0 Safari/537.36'),(2,'Mozilla/5.0 (Windows NT 10.0; Win64; x64) AppleWebKit/537.36 (KHTML, like Gecko) Chrome/106.0.0.0 Safari/537.36'),(2,'Mozilla/5.0 (Windows NT 10.0; Win64; x64) AppleWebKit/537.36 (KHTML, like Gecko) Chrome/106.0.0.0 Safari/537.36'),(3,'Mozilla/5.0 (Windows NT 10.0; WOW64) AppleWebKit/537.36 (KHTML, like Gecko) Chrome/104.0.5112.124 YaBrowser/22.9.4.866 Yowser/2.5 Safari/537.36'),(2,'Mozilla/5.0 (Windows NT 10.0; Win64; x64) AppleWebKit/537.36 (KHTML, like Gecko) Chrome/106.0.0.0 Safari/537.36'),(2,'Mozilla/5.0 (Windows NT 10.0; Win64; x64) AppleWebKit/537.36 (KHTML, like Gecko) Chrome/106.0.0.0 Safari/537.36'),(2,'Mozilla/5.0 (Windows NT 10.0; Win64; x64) AppleWebKit/537.36 (KHTML, like Gecko) Chrome/106.0.0.0 Safari/537.36'),(2,'Mozilla/5.0 (Windows NT 10.0; Win64; x64) AppleWebKit/537.36 (KHTML, like Gecko) Chrome/107.0.0.0 Safari/537.36'),(2,'Mozilla/5.0 (Windows NT 10.0; Win64; x64) AppleWebKit/537.36 (KHTML, like Gecko) Chrome/106.0.0.0 Safari/537.36'),(2,'Mozilla/5.0 (Windows NT 10.0; Win64; x64) AppleWebKit/537.36 (KHTML, like Gecko) Chrome/106.0.0.0 Safari/537.36'),(2,'Mozilla/5.0 (Windows NT 10.0; Win64; x64) AppleWebKit/537.36 (KHTML, like Gecko) Chrome/107.0.0.0 Safari/537.36'),(2,'Mozilla/5.0 (Linux; Android 12; SM-G998B) AppleWebKit/537.36 (KHTML, like Gecko) Chrome/106.0.0.0 Mobile Safari/537.36'),(2,'Mozilla/5.0 (Windows NT 10.0; Win64; x64) AppleWebKit/537.36 (KHTML, like Gecko) Chrome/107.0.0.0 Safari/537.36'),(2,'Mozilla/5.0 (Linux; Android 12; SM-G998B) AppleWebKit/537.36 (KHTML, like Gecko) Chrome/107.0.0.0 Mobile Safari/537.36'),(2,'Mozilla/5.0 (Windows NT 10.0; Win64; x64) AppleWebKit/537.36 (KHTML, like Gecko) Chrome/107.0.0.0 Safari/537.36'),(2,'Mozilla/5.0 (Windows NT 10.0; Win64; x64) AppleWebKit/537.36 (KHTML, like Gecko) Chrome/107.0.0.0 Safari/537.36'),(2,'Mozilla/5.0 (Linux; Android 12; SM-G998B) AppleWebKit/537.36 (KHTML, like Gecko) Chrome/107.0.0.0 Mobile Safari/537.36'),(4,'Mozilla/5.0 (Windows NT 10.0; WOW64) AppleWebKit/537.36 (KHTML, like Gecko) Chrome/106.0.0.0 Safari/537.36 OPR/92.0.0.0'),(2,'Mozilla/5.0 (Windows NT 10.0; Win64; x64) AppleWebKit/537.36 (KHTML, like Gecko) Chrome/107.0.0.0 Safari/537.36'),(2,'Mozilla/5.0 (X11; Linux x86_64) AppleWebKit/537.36 (KHTML, like Gecko) SamsungBrowser/19.0 Chrome/102.0.5005.125 Safari/537.36'),(2,'Mozilla/5.0 (X11; Linux x86_64) AppleWebKit/537.36 (KHTML, like Gecko) SamsungBrowser/19.0 Chrome/102.0.5005.125 Safari/537.36'),(5,'Mozilla/5.0 (Windows NT 10.0; Win64; x64) AppleWebKit/537.36 (KHTML, like Gecko) Chrome/107.0.0.0 Safari/537.36'),(5,'Mozilla/5.0 (Windows NT 10.0; Win64; x64) AppleWebKit/537.36 (KHTML, like Gecko) Chrome/107.0.0.0 Safari/537.36'),(4,'Mozilla/5.0 (Windows NT 10.0; WOW64) AppleWebKit/537.36 (KHTML, like Gecko) Chrome/106.0.0.0 Safari/537.36 OPR/92.0.0.0'),(6,'Mozilla/5.0 (Windows NT 10.0; Win64; x64) AppleWebKit/537.36 (KHTML, like Gecko) Chrome/107.0.0.0 Safari/537.36'),(6,'Mozilla/5.0 (Windows NT 10.0; Win64; x64) AppleWebKit/537.36 (KHTML, like Gecko) Chrome/107.0.0.0 Safari/537.36'),(7,'Mozilla/5.0 (Windows NT 6.1; Win64; x64) AppleWebKit/537.36 (KHTML, like Gecko) Chrome/107.0.0.0 Safari/537.36'),(7,'Mozilla/5.0 (Windows NT 6.1; Win64; x64) AppleWebKit/537.36 (KHTML, like Gecko) Chrome/107.0.0.0 Safari/537.36'),(7,'Mozilla/5.0 (Windows NT 6.1; Win64; x64) AppleWebKit/537.36 (KHTML, like Gecko) Chrome/107.0.0.0 Safari/537.36'),(8,'Mozilla/5.0 (Windows NT 10.0; WOW64) AppleWebKit/537.36 (KHTML, like Gecko) Chrome/87.0.4280.141 Client/Win VKApp/25.60172 Safari/537.36'),(9,'Mozilla/5.0 (Windows NT 10.0; Win64; x64) AppleWebKit/537.36 (KHTML, like Gecko) Chrome/107.0.0.0 Safari/537.36 Edg/107.0.1418.56'),(2,'Mozilla/5.0 (Linux; Android 12; SM-G998B) AppleWebKit/537.36 (KHTML, like Gecko) Chrome/107.0.0.0 Mobile Safari/537.36'),(2,'Mozilla/5.0 (Windows NT 10.0; Win64; x64) AppleWebKit/537.36 (KHTML, like Gecko) Chrome/107.0.0.0 Safari/537.36'),(10,'Mozilla/5.0 (Windows NT 10.0; Win64; x64) AppleWebKit/537.36 (KHTML, like Gecko) Chrome/107.0.0.0 Safari/537.36 Edg/107.0.1418.62'),(11,'Mozilla/5.0 (Windows NT 10.0; Win64; x64) AppleWebKit/537.36 (KHTML, like Gecko) Chrome/106.0.0.0 YaBrowser/22.11.0.2500 Yowser/2.5 Safari/537.36'),(12,'Mozilla/5.0 (Windows NT 10.0; Win64; x64) AppleWebKit/537.36 (KHTML, like Gecko) Chrome/107.0.0.0 Safari/537.36 OPR/93.0.0.0'),(10,'Mozilla/5.0 (Windows NT 10.0; Win64; x64) AppleWebKit/537.36 (KHTML, like Gecko) Chrome/108.0.0.0 Safari/537.36 Edg/108.0.1462.42'),(13,'Mozilla/5.0 (Windows NT 6.1) AppleWebKit/537.36 (KHTML, like Gecko) Chrome/87.0.4280.141 Client/Win VKApp/25.60172 Safari/537.36'),(14,'Mozilla/5.0 (Windows NT 10.0; Win64; x64) AppleWebKit/537.36 (KHTML, like Gecko) Chrome/106.0.0.0 YaBrowser/22.11.2.807 Yowser/2.5 Safari/537.36'),(15,'Mozilla/5.0 (Windows NT 6.1; Win64; x64) AppleWebKit/537.36 (KHTML, like Gecko) Chrome/106.0.0.0 YaBrowser/22.11.3.818 Yowser/2.5 Safari/537.36'),(16,'Mozilla/5.0 (Windows NT 6.2; Win64; x64) AppleWebKit/537.36 (KHTML, like Gecko) Chrome/107.0.0.0 Safari/537.36 OPR/93.0.0.0'),(17,'Mozilla/5.0 (Windows NT 6.3; Win64; x64) AppleWebKit/537.36 (KHTML, like Gecko) Chrome/106.0.0.0 YaBrowser/22.11.3.818 Yowser/2.5 Safari/537.36'),(18,'Mozilla/5.0 (Windows NT 6.1; Win64; x64) AppleWebKit/537.36 (KHTML, like Gecko) Chrome/106.0.0.0 YaBrowser/22.11.0.2500 Yowser/2.5 Safari/537.36'),(19,'Mozilla/5.0 (Windows NT 6.1; Win64; x64) AppleWebKit/537.36 (KHTML, like Gecko) Chrome/97.0.4692.99 Safari/537.36'),(20,'Mozilla/5.0 (Windows NT 10.0; Win64; x64) AppleWebKit/537.36 (KHTML, like Gecko) Chrome/106.0.0.0 YaBrowser/22.11.3.818 Yowser/2.5 Safari/537.36'),(20,'Mozilla/5.0 (Windows NT 10.0; Win64; x64) AppleWebKit/537.36 (KHTML, like Gecko) Chrome/106.0.0.0 YaBrowser/22.11.3.818 Yowser/2.5 Safari/537.36'),(20,'Mozilla/5.0 (Windows NT 10.0; Win64; x64) AppleWebKit/537.36 (KHTML, like Gecko) Chrome/106.0.0.0 YaBrowser/22.11.3.818 Yowser/2.5 Safari/537.36'),(21,'Mozilla/5.0 (Windows NT 6.3; Win64; x64) AppleWebKit/537.36 (KHTML, like Gecko) Chrome/106.0.0.0 YaBrowser/22.11.5.715 Yowser/2.5 Safari/537.36'),(20,'Mozilla/5.0 (Windows NT 10.0; Win64; x64) AppleWebKit/537.36 (KHTML, like Gecko) Chrome/106.0.0.0 YaBrowser/22.11.5.715 Yowser/2.5 Safari/537.36'),(20,'Mozilla/5.0 (Windows NT 10.0; Win64; x64) AppleWebKit/537.36 (KHTML, like Gecko) Chrome/106.0.0.0 YaBrowser/22.11.5.715 Yowser/2.5 Safari/537.36'),(20,'Mozilla/5.0 (Windows NT 10.0; Win64; x64) AppleWebKit/537.36 (KHTML, like Gecko) Chrome/106.0.0.0 YaBrowser/22.11.5.715 Yowser/2.5 Safari/537.36'),(22,'Mozilla/5.0 (Windows NT 10.0; Win64; x64) AppleWebKit/537.36 (KHTML, like Gecko) Chrome/108.0.0.0 Safari/537.36'),(23,'Mozilla/5.0 (Windows NT 10.0; Win64; x64) AppleWebKit/537.36 (KHTML, like Gecko) Chrome/109.0.0.0 Safari/537.36'),(2,'Mozilla/5.0 (Windows NT 10.0; Win64; x64) AppleWebKit/537.36 (KHTML, like Gecko) Chrome/109.0.0.0 Safari/537.36'),(2,'Mozilla/5.0 (Windows NT 10.0; Win64; x64) AppleWebKit/537.36 (KHTML, like Gecko) Chrome/109.0.0.0 Safari/537.36'),(2,'Mozilla/5.0 (Windows NT 10.0; Win64; x64) AppleWebKit/537.36 (KHTML, like Gecko) Chrome/109.0.0.0 Safari/537.36'),(2,'Mozilla/5.0 (Windows NT 10.0; Win64; x64) AppleWebKit/537.36 (KHTML, like Gecko) Chrome/109.0.0.0 Safari/537.36'),(24,'Mozilla/5.0 (Windows NT 10.0; Win64; x64) AppleWebKit/537.36 (KHTML, like Gecko) Chrome/108.0.0.0 YaBrowser/23.1.1.1138 Yowser/2.5 Safari/537.36'),(22,'Mozilla/5.0 (Windows NT 10.0; Win64; x64) AppleWebKit/537.36 (KHTML, like Gecko) Chrome/109.0.0.0 Safari/537.36'),(25,'Mozilla/5.0 (Windows NT 6.1; Win64; x64) AppleWebKit/537.36 (KHTML, like Gecko) Chrome/108.0.0.0 YaBrowser/23.1.1.1138 Yowser/2.5 Safari/537.36'),(26,'Mozilla/5.0 (Windows NT 6.2; Win64; x64) AppleWebKit/537.36 (KHTML, like Gecko) Chrome/108.0.0.0 YaBrowser/23.1.2.928 Yowser/2.5 Safari/537.36'),(2,'Mozilla/5.0 (Linux; Android 13; SM-G998B) AppleWebKit/537.36 (KHTML, like Gecko) Chrome/109.0.0.0 Mobile Safari/537.36'),(2,'Mozilla/5.0 (Linux; Android 13; SM-G998B) AppleWebKit/537.36 (KHTML, like Gecko) Chrome/109.0.0.0 Mobile Safari/537.36'),(27,'Mozilla/5.0 (Windows NT 6.1) AppleWebKit/537.36 (KHTML, like Gecko) Chrome/108.0.0.0 YaBrowser/23.1.2.939 Yowser/2.5 Safari/537.36'),(27,'Mozilla/5.0 (Windows NT 6.1) AppleWebKit/537.36 (KHTML, like Gecko) Chrome/108.0.0.0 YaBrowser/23.1.2.939 Yowser/2.5 Safari/537.36'),(2,'Mozilla/5.0 (Windows NT 10.0; Win64; x64) AppleWebKit/537.36 (KHTML, like Gecko) Chrome/109.0.0.0 Safari/537.36'),(2,'Mozilla/5.0 (Windows NT 10.0; Win64; x64) AppleWebKit/537.36 (KHTML, like Gecko) Chrome/109.0.0.0 Safari/537.36'),(2,'Mozilla/5.0 (Windows NT 10.0; Win64; x64) AppleWebKit/537.36 (KHTML, like Gecko) Chrome/109.0.0.0 Safari/537.36'),(2,'Mozilla/5.0 (Windows NT 10.0; Win64; x64) AppleWebKit/537.36 (KHTML, like Gecko) Chrome/109.0.0.0 Safari/537.36'),(28,'Mozilla/5.0 (Windows NT 10.0; Win64; x64) AppleWebKit/537.36 (KHTML, like Gecko) Chrome/109.0.0.0 Safari/537.36'),(29,'Mozilla/5.0 (Windows NT 6.1; Win64; x64) AppleWebKit/537.36 (KHTML, like Gecko) Chrome/108.0.0.0 YaBrowser/23.1.2.928 Yowser/2.5 Safari/537.36'),(30,'Mozilla/5.0 (Windows NT 10.0; Win64; x64) AppleWebKit/537.36 (KHTML, like Gecko) Chrome/109.0.0.0 Safari/537.36'),(2,'Mozilla/5.0 (Windows NT 10.0; Win64; x64) AppleWebKit/537.36 (KHTML, like Gecko) Chrome/109.0.0.0 Safari/537.36'),(31,'Mozilla/5.0 (Windows NT 6.3; Win64; x64) AppleWebKit/537.36 (KHTML, like Gecko) Chrome/108.0.0.0 YaBrowser/23.1.2.987 Yowser/2.5 Safari/537.36'),(2,'Mozilla/5.0 (Windows NT 10.0; Win64; x64) AppleWebKit/537.36 (KHTML, like Gecko) Chrome/110.0.0.0 Safari/537.36');
/*!40000 ALTER TABLE `user_agents` ENABLE KEYS */;
UNLOCK TABLES;

--
-- Table structure for table `users`
--

DROP TABLE IF EXISTS `users`;
/*!40101 SET @saved_cs_client     = @@character_set_client */;
/*!40101 SET character_set_client = utf8 */;
CREATE TABLE `users` (
  `id` int(11) unsigned NOT NULL AUTO_INCREMENT,
  `socNetUserId` int(11) unsigned NOT NULL,
  `socNetTypeId` int(11) unsigned NOT NULL,
  `create_tm` int(11) unsigned DEFAULT NULL,
  `login_tm` int(11) unsigned DEFAULT NULL,
  `logout_tm` int(11) unsigned DEFAULT NULL,
  `nextPointId` int(11) unsigned NOT NULL DEFAULT '1',
  `fullRecoveryTime` int(11) unsigned DEFAULT NULL,
  PRIMARY KEY (`id`),
  KEY `socNetUniqueKey` (`socNetUserId`,`socNetTypeId`)
) ENGINE=InnoDB AUTO_INCREMENT=32 DEFAULT CHARSET=utf8;
/*!40101 SET character_set_client = @saved_cs_client */;

--
-- Dumping data for table `users`
--

LOCK TABLES `users` WRITE;
/*!40000 ALTER TABLE `users` DISABLE KEYS */;
INSERT INTO `users` VALUES (1,1,2,1666612714,1666703389,1666703399,1,1666612714),(2,12578187,1,1666612736,1677521874,1677527233,2,1674839729),(3,624332523,1,1666712836,1666712836,1666712855,1,1666714644),(4,83093130,1,1667836721,1668670943,1668670954,6,1667836881),(5,136960834,1,1668515044,1668515953,1668515953,8,1668515397),(6,194502292,1,1668716280,1668718726,1668718739,19,1668721139),(7,231465312,1,1668938226,1668951280,1668951419,3,1668951335),(8,36624898,1,1669281433,1669281433,1669281661,5,1669281588),(9,233776857,1,1669287733,1669287733,1669287886,2,1669287873),(10,704624916,1,1670165921,1670870750,1670871221,22,1670878121),(11,164700274,1,1670250581,1670250581,1670252450,8,1670252348),(12,267254362,1,1670609516,1670609516,1670609660,3,1670611427),(13,84191068,1,1670937165,1670937165,1670937206,2,1670937171),(14,112146072,1,1671119418,1671119418,1671119450,1,1671119418),(15,495513550,1,1671222227,1671222227,1671222415,5,1671222358),(16,235580931,1,1671299914,1671299914,1671301613,15,1671310436),(17,262803081,1,1671352146,1671352146,1671352245,3,1671352198),(18,241787719,1,1671706303,1671706303,1671707159,2,1671708243),(19,699610221,1,1671733028,1671733028,1671733380,8,1671733301),(20,400068478,1,1671797978,1672345936,1672345939,55,1672322237),(21,488320942,1,1672317205,1672317205,1672317347,5,1672317307),(22,198432705,1,1673110557,1675599834,1675599856,5,1675599838),(23,146089208,1,1673972326,1673972326,1673972353,1,1673972326),(24,461658813,1,1675346793,1675346793,1675346852,3,1675346824),(25,543864915,1,1675614205,1675614205,1675614660,8,1675617903),(26,335631026,1,1675615091,1675615091,1675615105,1,1675615091),(27,673456929,1,1675840189,1675845335,1675848525,55,1675855695),(28,149570337,1,1675854943,1675854943,1675855327,8,1675855219),(29,598427246,1,1675865866,1675865866,1675865899,2,1675865872),(30,159046995,1,1675963298,1675963298,1675963577,6,1675963484),(31,760455161,1,1676901269,1676901269,1676901490,1,1676901269);
/*!40000 ALTER TABLE `users` ENABLE KEYS */;
UNLOCK TABLES;

--
-- Table structure for table `users_chests`
--

DROP TABLE IF EXISTS `users_chests`;
/*!40101 SET @saved_cs_client     = @@character_set_client */;
/*!40101 SET character_set_client = utf8 */;
CREATE TABLE `users_chests` (
  `userId` int(11) unsigned NOT NULL AUTO_INCREMENT,
  `chestId` int(11) unsigned NOT NULL,
  PRIMARY KEY (`userId`)
) ENGINE=InnoDB DEFAULT CHARSET=utf8;
/*!40101 SET character_set_client = @saved_cs_client */;

--
-- Dumping data for table `users_chests`
--

LOCK TABLES `users_chests` WRITE;
/*!40000 ALTER TABLE `users_chests` DISABLE KEYS */;
/*!40000 ALTER TABLE `users_chests` ENABLE KEYS */;
UNLOCK TABLES;

--
-- Table structure for table `users_points`
--

DROP TABLE IF EXISTS `users_points`;
/*!40101 SET @saved_cs_client     = @@character_set_client */;
/*!40101 SET character_set_client = utf8 */;
CREATE TABLE `users_points` (
  `userId` int(11) unsigned NOT NULL,
  `pointId` int(11) unsigned NOT NULL,
  `score` int(11) unsigned NOT NULL,
  PRIMARY KEY (`userId`,`pointId`),
  KEY `userId` (`userId`)
) ENGINE=InnoDB DEFAULT CHARSET=utf8;
/*!40101 SET character_set_client = @saved_cs_client */;

--
-- Dumping data for table `users_points`
--

LOCK TABLES `users_points` WRITE;
/*!40000 ALTER TABLE `users_points` DISABLE KEYS */;
INSERT INTO `users_points` VALUES (1,0,0),(2,0,0),(2,1,290),(3,0,0),(4,1,180),(4,2,140),(4,3,520),(4,4,1540),(4,5,5110),(5,1,150),(5,2,260),(5,3,590),(5,4,1650),(5,5,4730),(5,6,2320),(5,7,3870),(6,1,150),(6,2,200),(6,3,550),(6,4,1510),(6,5,5730),(6,6,3670),(6,7,4160),(6,8,4470),(6,9,4780),(6,10,2770),(6,11,3480),(6,12,750),(6,13,2670),(6,14,4340),(6,15,3740),(6,16,2180),(6,17,3350),(6,18,3510),(7,1,350),(7,2,200),(8,1,120),(8,2,260),(8,3,520),(8,4,1460),(9,1,120),(10,1,150),(10,2,200),(10,3,520),(10,4,1700),(10,5,4470),(10,6,2240),(10,7,4910),(10,8,4650),(10,9,3950),(10,10,2220),(10,11,3420),(10,12,1170),(10,13,3290),(10,14,4930),(10,15,3460),(10,16,2390),(10,17,3150),(10,18,3970),(10,19,10310),(10,20,920),(10,21,4520),(11,1,180),(11,2,140),(11,3,520),(11,4,1770),(11,5,4620),(11,6,2290),(11,7,4460),(12,1,150),(12,2,140),(13,1,150),(15,1,150),(15,2,140),(15,3,520),(15,4,1720),(16,1,150),(16,2,260),(16,3,490),(16,4,1470),(16,5,4870),(16,6,2120),(16,7,4500),(16,8,4330),(16,9,4130),(16,10,2420),(16,11,3550),(16,12,730),(16,13,1720),(16,14,4910),(17,1,120),(17,2,270),(18,1,150),(19,1,200),(19,2,200),(19,3,520),(19,4,1940),(19,5,5430),(19,6,2410),(19,7,4580),(20,1,180),(20,2,260),(20,3,520),(20,4,1470),(20,5,4620),(20,6,2760),(20,7,4030),(20,8,4110),(20,9,4240),(20,10,2160),(20,11,3610),(20,12,720),(20,13,1710),(20,14,4810),(20,15,3570),(20,16,2710),(20,17,2880),(20,18,3720),(20,19,10430),(20,20,1390),(20,21,5120),(20,22,5790),(20,23,2270),(20,24,1070),(20,25,4630),(20,26,5210),(20,27,1500),(20,28,1460),(20,29,2730),(20,30,260),(20,31,5680),(20,32,3470),(20,33,8380),(20,34,2570),(20,35,2480),(20,36,2440),(20,37,1830),(20,38,5050),(20,39,4330),(20,40,3190),(20,41,2400),(20,42,2330),(20,43,960),(20,44,1050),(20,45,920),(20,46,240),(20,47,1250),(20,48,1140),(20,49,1170),(20,50,3310),(20,51,570),(20,52,3630),(20,53,4280),(20,54,2790),(21,1,150),(21,2,200),(21,3,620),(21,4,1490),(22,1,150),(22,2,140),(22,3,520),(22,4,1540),(24,1,150),(24,2,200),(25,1,120),(25,2,270),(25,3,520),(25,4,1440),(25,5,4310),(25,6,2850),(25,7,4570),(27,1,150),(27,2,200),(27,3,490),(27,4,1440),(27,5,4940),(27,6,1990),(27,7,3720),(27,8,4190),(27,9,3980),(27,10,2250),(27,11,3440),(27,12,610),(27,13,1530),(27,14,5340),(27,15,3700),(27,16,2550),(27,17,3450),(27,18,4130),(27,19,10040),(27,20,910),(27,21,4100),(27,22,2930),(27,23,2020),(27,24,800),(27,25,4630),(27,26,4830),(27,27,1410),(27,28,1350),(27,29,2690),(27,30,320),(27,31,6830),(27,32,2430),(27,33,8330),(27,34,2640),(27,35,2290),(27,36,2700),(27,37,1020),(27,38,5320),(27,39,3550),(27,40,4570),(27,41,1640),(27,42,1170),(27,43,740),(27,44,2140),(27,45,1710),(27,46,210),(27,47,2030),(27,48,1350),(27,49,1760),(27,50,4970),(27,51,530),(27,52,3230),(27,53,3930),(27,54,3730),(28,1,230),(28,2,140),(28,3,520),(28,4,1440),(28,5,4670),(28,6,2540),(28,7,4230),(29,1,150),(30,1,180),(30,2,200),(30,3,590),(30,4,1530),(30,5,5120);
/*!40000 ALTER TABLE `users_points` ENABLE KEYS */;
UNLOCK TABLES;

--
-- Table structure for table `users_stuff`
--

DROP TABLE IF EXISTS `users_stuff`;
/*!40101 SET @saved_cs_client     = @@character_set_client */;
/*!40101 SET character_set_client = utf8 */;
CREATE TABLE `users_stuff` (
  `userId` int(11) unsigned NOT NULL AUTO_INCREMENT,
  `hummerQty` int(11) unsigned NOT NULL DEFAULT '0',
  `shuffleQty` int(11) unsigned NOT NULL DEFAULT '0',
  `goldQty` int(11) unsigned NOT NULL DEFAULT '0',
  `lightningQty` int(11) unsigned NOT NULL,
  PRIMARY KEY (`userId`)
) ENGINE=InnoDB AUTO_INCREMENT=32 DEFAULT CHARSET=utf8;
/*!40101 SET character_set_client = @saved_cs_client */;

--
-- Dumping data for table `users_stuff`
--

LOCK TABLES `users_stuff` WRITE;
/*!40000 ALTER TABLE `users_stuff` DISABLE KEYS */;
INSERT INTO `users_stuff` VALUES (1,2,1,500,1),(2,2,1,2500,1),(3,2,1,500,1),(4,2,1,500,1),(5,2,1,500,1),(6,7,2,1000,2),(7,2,1,500,1),(8,2,1,500,1),(9,2,1,500,1),(10,0,0,600,0),(11,2,1,500,1),(12,2,1,500,1),(13,2,1,500,1),(14,2,1,500,1),(15,2,1,500,1),(16,5,2,500,2),(17,2,1,500,1),(18,2,1,500,1),(19,1,1,500,1),(20,3,6,1600,5),(21,2,1,500,1),(22,2,1,500,1),(23,2,1,500,1),(24,2,1,500,1),(25,2,1,500,1),(26,2,1,500,1),(27,9,3,2200,3),(28,2,1,500,1),(29,2,1,500,1),(30,2,1,500,1),(31,2,1,500,1);
/*!40000 ALTER TABLE `users_stuff` ENABLE KEYS */;
UNLOCK TABLES;
/*!40103 SET TIME_ZONE=@OLD_TIME_ZONE */;

/*!40101 SET SQL_MODE=@OLD_SQL_MODE */;
/*!40014 SET FOREIGN_KEY_CHECKS=@OLD_FOREIGN_KEY_CHECKS */;
/*!40014 SET UNIQUE_CHECKS=@OLD_UNIQUE_CHECKS */;
/*!40101 SET CHARACTER_SET_CLIENT=@OLD_CHARACTER_SET_CLIENT */;
/*!40101 SET CHARACTER_SET_RESULTS=@OLD_CHARACTER_SET_RESULTS */;
/*!40101 SET COLLATION_CONNECTION=@OLD_COLLATION_CONNECTION */;
/*!40111 SET SQL_NOTES=@OLD_SQL_NOTES */;

-- Dump completed on 2023-02-27 21:11:13
